acquisition_channel,revenue,orders,customers,avg_order_value,low_review_rate
Organic,84573.08,826,368,102.3887167070218,0.1343825665859564
Paid Search,56104.69,564,260,99.47640070921986,0.11347517730496454
Referral,36060.69,360,162,100.16858333333334,0.08888888888888889
Social,33745.07,327,133,103.19593272171254,0.12232415902140673
Email,28240.69,280,117,100.85960714285714,0.10714285714285714
